<application>
  <component name="FindSettings">
    <option name="customScope" value="所有位置" />
    <option name="defaultScopeName" value="所有位置" />
    <option name="localCaseSensitive" value="true" />
    <option name="regularExpressions" value="true" />
    <option name="LOCAL_CASE_SENSITIVE_SEARCH" value="true" />
    <option name="REGULAR_EXPRESSIONS" value="true" />
    <option name="SEARCH_SCOPE" value="所有位置" />
    <mask>*.css</mask>
    <mask>*.html</mask>
    <mask>*.jsp</mask>
    <mask>*.properties</mask>
    <mask>*.kt</mask>
    <mask>*Controller.java</mask>
    <mask>*.kts</mask>
    <mask>*.xml</mask>
    <mask>*.yml</mask>
    <mask>*.java</mask>
  </component>
</application>