<application>
  <component name="ProjectManager">
    <defaultProject>
      <component name="AnalysisProjectProfileManager">
        <option name="PROJECT_PROFILE" />
        <option name="USE_PROJECT_LEVEL_SETTINGS" value="false" />
        <list size="0" />
      </component>
      <component name="ProjectViewState">
        <option name="autoscrollFromSource" value="false" />
        <option name="showLibraryContents" value="true" />
        <option name="showVisibilityIcons" value="true" />
      </component>
      <component name="PropertiesComponent">{
  &quot;keyToString&quot;: {
    &quot;settings.editor.selected.configurable&quot;: &quot;application.passwordSafe&quot;
  }
}</component>
      <component name="SuppressionsComponent">
        <option name="suppComments" value="[]" />
      </component>
    </defaultProject>
  </component>
</application>