<application>
  <component name="AppStorage">
    <option name="newTranslationDialogWidth" value="584" />
    <option name="newTranslationDialogX" value="725" />
    <option name="newTranslationDialogY" value="238" />
    <histories>
      <item value="abstract" />
      <item value="pupilDistanceTooSmall" />
      <item value="v" />
      <item value="is Return Boolean" />
      <item value="native" />
      <item value="NET DVR PLAN TEMPLATE COND" />
      <item value="alarm Data Handle" />
      <item value="构造" />
      <item value="NET DVR SINGLE PLAN SEGMENT" />
      <item value="Fewer arguments provided (0) than placeholders specified (1) " />
      <item value="dw Multi Card Group No" />
      <item value="Setup Alarm Chan" />
      <item value="F Mess Call Back EX" />
      <item value="were left unbound." />
      <item value="Reason: Canonical names should be kebab-case ('-' separated), lowercase alpha-numeric characters and must start with a letter" />
      <item value="something" />
      <item value="Prefix must be in canonical form " />
      <item value="Alarm Data Handle" />
      <item value="p Alarm Info" />
      <item value="constructor" />
      <item value="companion" />
      <item value="This target will be excluded from commonization." />
      <item value="Execution failed for task ':buildSrc:generateExternalPluginSpecBuilders'. &gt; Could not resolve all files for configuration ':buildSrc:compileClasspath'. &gt; Could not resolve love.forte.gradle.common:gradle-common-core:0.0.11. Required by: project :buildSrc &gt; No matching variant of love.forte.gradle.common:gradle-common-core:0.0.11 was found. The consumer was configured to find an API of a library compatible with Java 8, preferably not packaged as a jar, preferably optimized for standard JVMs, and its dependencies declared externally, as well as attribute 'org.gradle.plugin.api-version' with value '7.6', attribute 'org.jetbrains.kotlin.platform.type' with value 'jvm' but: - Variant 'apiElements' capability love.forte.gradle.common:gradle-common-core:0.0.11 declares an API of a library, packaged as a jar, preferably optimized for standard JVMs, and its dependencies declared externally, as well as attribute 'org.jetbrains.kotlin.platform.type' with value 'jvm': - Incompatible because this component declares a component compatible with Java 11 and the consumer needed a component compatible with Java 8 - Other compatible attribute: - Doesn't say anything about org.gradle.plugin.api-version (required '7.6') - Variant 'runtimeElements' capability love.forte.gradle.common:gradle-common-core:0.0.11 declares a runtime of a library, packaged as a jar, preferably optimized for standard JVMs, and its dependencies declared externally, as well as attribute 'org.jetbrains.kotlin.platform.type' with value 'jvm': - Incompatible because this component declares a component compatible with Java 11 and the consumer needed a component compatible with Java 8 - Other compatible attribute: - Doesn't say anything about org.gradle.plugin.api-version (required '7.6') &gt; Could not resolve love.forte.gradle.common:gradle-common-kotlin-multiplatform:0.0.11. Required by: project :buildSrc &gt; No matching variant of love.forte.gradle.common:gradle-common-kotlin-multiplatform:0.0.11 was found. The consumer was configured to find an API of a library compatible with Java 8, preferably not packaged as a jar, preferably optimized for standard JVMs, and its dependencies declared externally, as well as attribute 'org.gradle.plugin.api-version' with value '7.6', attribute 'org.jetbrains.kotlin.platform.type' with value 'jvm' but: - Variant 'apiElements' capability love.forte.gradle.common:gradle-common-kotlin-multiplatform:0.0.11 declares an API of a library, packaged as a jar, preferably optimized for standard JVMs, and its dependencies declared externally, as well as attribute 'org.jetbrains.kotlin.platform.type' with value 'jvm': - Incompatible because this component declares a component compatible with Java 11 and the consumer needed a component compatible with Java 8 - Other compatible attribute: - Doesn't say anything about org.gradle.plugin.api-version (required '7.6') - Variant 'runtimeElements' capability love.forte.gradle.common:gradle-common-kotlin-multiplatform:0.0.11 declares a runtime of a library, packaged as a jar, preferably optimized for standard JVMs, and its dependencies declared externally, as well as attribute 'org.jetbrains.kotlin.platform.type' with value 'jvm': - Incompatible because this component declares a component compatible with Java 11 and the consumer needed a component compatible with Java 8 - Other compatible attribute: - Doesn't say anything about org.gradle.plugin.api-version (required '7.6') &gt; Could not resolve love.forte.gradle.common:gradle-common-publication:0.0.11. Required by: project :buildSrc &gt; No matching variant of love.forte.gradle.common:gradle-common-publication:0.0.11 was found. The consumer was configured to find an API of a library compatible with Java 8, preferably not packaged as a jar, preferably optimized for standard JVMs, and its dependencies declared externally, as well as attribute 'org.gradle.plugin.api-version' with value '7.6', attribute 'org.jetbrains.kotlin.platform.type' with value 'jvm' but: - Variant 'apiElements' capability love.forte.gradle.common:gradle-common-publication:0.0.11 declares an API of a library, packaged as a jar, preferably optimized for standard JVMs, and its dependencies declared externally, as well as attribute 'org.jetbrains.kotlin.platform.type' with value 'jvm': - Incompatible because this component declares a component compatible with Java 11 and the consumer needed a component compatible with Java 8 - Other compatible attribute: - Doesn't say anything about org.gradle.plugin.api-version (required '7.6') - Variant 'runtimeElements' capability love.forte.gradle.common:gradle-common-publication:0.0.11 declares a runtime of a library, packaged as a jar, preferably optimized for standard JVMs, and its dependencies declared externally, as well as attribute 'org.jetbrains.kotlin.platform.type' with value 'jvm': - Incompatible because this component declares a component compatible with Java 11 and the consumer needed a component compatible with Java 8 - Other compatible attribute: - Doesn't say anything about org.gradle.plugin.api-version (required '7.6') Try: &gt; Run with --info or --debug option to get more log output. &gt; Run with --scan to get full insights. Exception is: org.gradle.api.tasks.TaskExecutionException: Execution failed for task ':buildSrc:generateExternalPluginSpecBuilders'. at org.gradle.api.internal.tasks.execution.CatchExceptionTaskExecuter.execute(CatchExceptionTaskExecuter.java:38) at org.gradle.api.internal.tasks.execution.EventFiringTaskExecuter1.executeTask(EventFiringTaskExecuter.java:77) at org.gradle.api.internal.tasks.execution.EventFiringTaskExecuter1.call(EventFiringTaskExecuter.java:55) at org.gradle.api.internal.tasks.execution.EventFiringTaskExecuter1.call(EventFiringTaskExecuter.java:52) at org.gradle.internal.operations.DefaultBuildOperationRunnerCallableBuildOperationWorker.execute(DefaultBuildOperationRunner.java:204) at org.gradle.internal.operations.DefaultBuildOperationRunnerCallableBuildOperationWorker.execute(DefaultBuildOperationRunner.java:199) at org.gradle.internal.operations.DefaultBuildOperationRunner2.execute(DefaultBuildOperationRunner.java:66) at org.gradle.internal.operations.DefaultBuildOperationRunner2.execute(DefaultBuildOperationRunner.java:59) at org.gradle.internal.operations.DefaultBuildOperationRunner.execute(DefaultBuildOperationRunner.java:157) at org.gradle.internal.operations.DefaultBuildOperationRunner.execute(DefaultBuildOperationRunner.java:59) at org.gradle.internal.operations.DefaultBuildOperationRunner.call(DefaultBuildOperationRunner.java:53) at org.gradle.internal.operations.DefaultBuildOperationExecutor.call(DefaultBuildOperationExecutor.java:73) at org.gradle.api.internal.tasks.execution.EventFiringTaskExecuter.execute(EventFiringTaskExecuter.java:52) at org.gradle.execution.plan.LocalTaskNodeExecutor.execute(LocalTaskNodeExecutor.java:69) at org.gradle.execution.taskgraph.DefaultTaskExecutionGraphInvokeNodeExecutorsAction.execute(DefaultTaskExecutionGraph.java:322) at org.gradle.execution.taskgraph.DefaultTaskExecutionGraphInvokeNodeExecutorsAction.execute(DefaultTaskExecutionGraph.java:309) at org.gradle.execution.taskgraph.DefaultTaskExecutionGraphBuildOperationAwareExecutionAction.execute(DefaultTaskExecutionGraph.java:302) at org.gradle.execution.taskgraph.DefaultTaskExecutionGraphBuildOperationAwareExecutionAction.execute(DefaultTaskExecutionGraph.java:288) at org.gradle.execution.plan.DefaultPlanExecutorExecutorWorker.execute(DefaultPlanExecutor.java:462) at org.gradle.execution.plan.DefaultPlanExecutorExecutorWorker.run(DefaultPlanExecutor.java:379) at org.gradle.internal.concurrent.ExecutorPolicyCatchAndRecordFailures.onExecute(ExecutorPolicy.java:64) at org.gradle.internal.concurrent.ManagedExecutorImpl1.run(ManagedExecutorImpl.java:49) Caused by: org.gradle.api.internal.artifacts.ivyservice.DefaultLenientConfigurationArtifactResolveException: Could not resolve all files for configuration ':buildSrc:compileClasspath'. at org.gradle.api.internal.artifacts.configurations.DefaultConfiguration.mapFailure(DefaultConfiguration.java:1531) at org.gradle.api.internal.artifacts.configurations.DefaultConfiguration.access3800(DefaultConfiguration.java:159) at org.gradle.api.internal.artifacts.configurations.DefaultConfigurationDefaultResolutionHost.mapFailure(DefaultConfiguration.java:2183) at org.gradle.api.internal.artifacts.configurations.DefaultConfigurationDefaultResolutionHost.rethrowFailure(DefaultConfiguration.java:2188) at org.gradle.api.internal.artifacts.configurations.DefaultConfigurationConfigurationFileCollection.visitContents(DefaultConfiguration.java:1499) at org.gradle.api.internal.artifacts.configurations.DefaultConfiguration.visitContents(DefaultConfiguration.java:510) at org.gradle.api.internal.file.AbstractFileCollection.visitStructure(AbstractFileCollection.java:375) at org.gradle.api.internal.file.collections.DefaultConfigurableFileCollection.lambdacalculateFinalizedValue0(DefaultConfigurableFileCollection.java:244) at org.gradle.api.internal.file.collections.UnpackingVisitor.add(UnpackingVisitor.java:64) at org.gradle.api.internal.file.collections.DefaultConfigurableFileCollectionUnresolvedItemsCollector.visitContents(DefaultConfigurableFileCollection.java:411) at org.gradle.api.internal.file.collections.DefaultConfigurableFileCollection.calculateFinalizedValue(DefaultConfigurableFileCollection.java:244) at org.gradle.api.internal.file.collections.DefaultConfigurableFileCollection.visitChildren(DefaultConfigurableFileCollection.java:280) at org.gradle.api.internal.file.CompositeFileCollection.visitContents(CompositeFileCollection.java:119) at org.gradle.api.internal.file.AbstractFileCollection.visitStructure(AbstractFileCollection.java:375) at org.gradle.api.internal.file.CompositeFileCollection.lambdavisitContents0(CompositeFileCollection.java:119) at org.gradle.api.internal.file.collections.UnpackingVisitor.add(UnpackingVisitor.java:64) at org.gradle.api.internal.file.collections.UnpackingVisitor.add(UnpackingVisitor.java:89) at org.gradle.api.internal.file.DefaultFileCollectionFactoryResolvingFileCollection.visitChildren(DefaultFileCollectionFactory.java:333) at org.gradle.api.internal.file.CompositeFileCollection.visitContents(CompositeFileCollection.java:119) at org.gradle.api.internal.file.AbstractFileCollection.visitStructure(AbstractFileCollection.java:375) at org.gradle.api.internal.file.CompositeFileCollection.lambdavisitContents0(CompositeFileCollection.java:119) at org.gradle.api.internal.tasks.PropertyFileCollection.visitChildren(PropertyFileCollection.java:48) at org.gradle.api.internal.file.CompositeFileCollection.visitContents(CompositeFileCollection.java:119) at org.gradle.api.internal.file.AbstractFileCollection.visitStructure(AbstractFileCollection.java:375) at org.gradle.internal.fingerprint.impl.DefaultFileCollectionSnapshotter.snapshot(DefaultFileCollectionSnapshotter.java:51) at org.gradle.internal.execution.fingerprint.impl.DefaultInputFingerprinterInputCollectingVisitor.visitInputFileProperty(DefaultInputFingerprinter.java:131) at org.gradle.api.internal.tasks.execution.TaskExecution.visitRegularInputs(TaskExecution.java:322) at org.gradle.internal.execution.fingerprint.impl.DefaultInputFingerprinter.fingerprintInputProperties(DefaultInputFingerprinter.java:61) at org.gradle.internal.execution.steps.CaptureStateBeforeExecutionStep.captureExecutionStateWithOutputs(CaptureStateBeforeExecutionStep.java:193) at org.gradle.internal.execution.steps.CaptureStateBeforeExecutionStep.lambdacaptureExecutionState1(CaptureStateBeforeExecutionStep.java:141) at org.gradle.internal.execution.steps.BuildOperationStep1.call(BuildOperationStep.java:37) at org.gradle.internal.operations.DefaultBuildOperationRunnerCallableBuildOperationWorker.execute(DefaultBuildOperationRunner.java:204) at org.gradle.internal.operations.DefaultBuildOperationRunnerCallableBuildOperationWorker.execute(DefaultBuildOperationRunner.java:199) at org.gradle.internal.operations.DefaultBuildOperationRunner2.execute(DefaultBuildOperationRunner.java:66) at org.gradle.internal.operations.DefaultBuildOperationRunner2.execute(DefaultBuildOperationRunner.java:59) at org.gradle.internal.operations.DefaultBuildOperationRunner.execute(DefaultBuildOperationRunner.java:157) at org.gradle.internal.operations.DefaultBuildOperationRunner.execute(DefaultBuildOperationRunner.java:59) at org.gradle.internal.operations.DefaultBuildOperationRunner.call(DefaultBuildOperationRunner.java:53) at org.gradle.internal.operations.DefaultBuildOperationExecutor.call(DefaultBuildOperationExecutor.java:73) at org.gradle.internal.execution.steps.BuildOperationStep.operation(BuildOperationStep.java:34) at org.gradle.internal.execution.steps.CaptureStateBeforeExecutionStep.captureExecutionState(CaptureStateBeforeExecutionStep.java:130) at org.gradle.internal.execution.steps.CaptureStateBeforeExecutionStep.lambdaexecute0(CaptureStateBeforeExecutionStep.java:75) at org.gradle.internal.execution.steps.CaptureStateBeforeExecutionStep.execute(CaptureStateBeforeExecutionStep.java:75) at org.gradle.internal.execution.steps.CaptureStateBeforeExecutionStep.execute(CaptureStateBeforeExecutionStep.java:50) at org.gradle.internal.execution.steps.SkipEmptyWorkStep.executeWithNoEmptySources(SkipEmptyWorkStep.java:254) at org.gradle.internal.execution.steps.SkipEmptyWorkStep.execute(SkipEmptyWorkStep.java:91) at org.gradle.internal.execution.steps.SkipEmptyWorkStep.execute(SkipEmptyWorkStep.java:56) at org.gradle.internal.execution.steps.RemoveUntrackedExecutionStateStep.execute(RemoveUntrackedExecutionStateStep.java:32) at org.gradle.internal.execution.steps.RemoveUntrackedExecutionStateStep.execute(RemoveUntrackedExecutionStateStep.java:21) at org.gradle.internal.execution.steps.legacy.MarkSnapshottingInputsStartedStep.execute(MarkSnapshottingInputsStartedStep.java:38) at org.gradle.internal.execution.steps.LoadPreviousExecutionStateStep.execute(LoadPreviousExecutionStateStep.java:43) at org.gradle.internal.execution.steps.LoadPreviousExecutionStateStep.execute(LoadPreviousExecutionStateStep.java:31) at org.gradle.internal.execution.steps.AssignWorkspaceStep.lambdaexecute0(AssignWorkspaceStep.java:40) at org.gradle.api.internal.tasks.execution.TaskExecution4.withWorkspace(TaskExecution.java:281) at org.gradle.internal.execution.steps.AssignWorkspaceStep.execute(AssignWorkspaceStep.java:40) at org.gradle.internal.execution.steps.AssignWorkspaceStep.execute(AssignWorkspaceStep.java:30) at org.gradle.internal.execution.steps.IdentityCacheStep.execute(IdentityCacheStep.java:37) at org.gradle.internal.execution.steps.IdentityCacheStep.execute(IdentityCacheStep.java:27) at org.gradle.internal.execution.steps.IdentifyStep.execute(IdentifyStep.java:44) at org.gradle.internal.execution.steps.IdentifyStep.execute(IdentifyStep.java:33) at org.gradle.internal.execution.impl.DefaultExecutionEngine1.execute(DefaultExecutionEngine.java:76) at org.gradle.api.internal.tasks.execution.ExecuteActionsTaskExecuter.executeIfValid(ExecuteActionsTaskExecuter.java:139) at org.gradle.api.internal.tasks.execution.ExecuteActionsTaskExecuter.execute(ExecuteActionsTaskExecuter.java:128) at org.gradle.api.internal.tasks.execution.CleanupStaleOutputsExecuter.execute(CleanupStaleOutputsExecuter.java:77) at org.gradle.api.internal.tasks.execution.FinalizePropertiesTaskExecuter.execute(FinalizePropertiesTaskExecuter.java:46) at org.gradle.api.internal.tasks.execution.ResolveTaskExecutionModeExecuter.execute(ResolveTaskExecutionModeExecuter.java:51) at org.gradle.api.internal.tasks.execution.SkipTaskWithNoActionsExecuter.execute(SkipTaskWithNoActionsExecuter.java:57) at org.gradle.api.internal.tasks.execution.SkipOnlyIfTaskExecuter.execute(SkipOnlyIfTaskExecuter.java:57) at org.gradle.api.internal.tasks.execution.CatchExceptionTaskExecuter.execute(CatchExceptionTaskExecuter.java:36) at org.gradle.api.internal.tasks.execution.EventFiringTaskExecuter1.executeTask(EventFiringTaskExecuter.java:77) at org.gradle.api.internal.tasks.execution.EventFiringTaskExecuter1.call(EventFiringTaskExecuter.java:55) at org.gradle.api.internal.tasks.execution.EventFiringTaskExecuter1.call(EventFiringTaskExecuter.java:52) at org.gradle.internal.operations.DefaultBuildOperationRunnerCallableBuildOperationWorker.execute(DefaultBuildOperationRunner.java:204) at org.gradle.internal.operations.DefaultBuildOperationRunnerCallableBuildOperationWorker.execute(DefaultBuildOperationRunner.java:199) at org.gradle.internal.operations.DefaultBuildOperationRunner2.execute(DefaultBuildOperationRunner.java:66) at org.gradle.internal.operations.DefaultBuildOperationRunner2.execute(DefaultBuildOperationRunner.java:59) at org.gradle.internal.operations.DefaultBuildOperationRunner.execute(DefaultBuildOperationRunner.java:157) at org.gradle.internal.operations.DefaultBuildOperationRunner.execute(DefaultBuildOperationRunner.java:59) at org.gradle.internal.operations.DefaultBuildOperationRunner.call(DefaultBuildOperationRunner.java:53) at org.gradle.internal.operations.DefaultBuildOperationExecutor.call(DefaultBuildOperationExecutor.java:73) at org.gradle.api.internal.tasks.execution.EventFiringTaskExecuter.execute(EventFiringTaskExecuter.java:52) at org.gradle.execution.plan.LocalTaskNodeExecutor.execute(LocalTaskNodeExecutor.java:69) at org.gradle.execution.taskgraph.DefaultTaskExecutionGraphInvokeNodeExecutorsAction.execute(DefaultTaskExecutionGraph.java:322) at org.gradle.execution.taskgraph.DefaultTaskExecutionGraphInvokeNodeExecutorsAction.execute(DefaultTaskExecutionGraph.java:309) at org.gradle.execution.taskgraph.DefaultTaskExecutionGraphBuildOperationAwareExecutionAction.execute(DefaultTaskExecutionGraph.java:302) at org.gradle.execution.taskgraph.DefaultTaskExecutionGraphBuildOperationAwareExecutionAction.execute(DefaultTaskExecutionGraph.java:288) at org.gradle.execution.plan.DefaultPlanExecutorExecutorWorker.execute(DefaultPlanExecutor.java:462) at org.gradle.execution.plan.DefaultPlanExecutorExecutorWorker.run(DefaultPlanExecutor.java:379) at org.gradle.internal.concurrent.ExecutorPolicyCatchAndRecordFailures.onExecute(ExecutorPolicy.java:64) at org.gradle.internal.concurrent.ManagedExecutorImpl1.run(ManagedExecutorImpl.java:49) Cause 1: org.gradle.internal.resolve.ModuleVersionResolveException: Could not resolve love.forte.gradle.common:gradle-common-core:0.0.11. Required by: project :buildSrc Caused by: org.gradle.internal.component.NoMatchingConfigurationSelectionException: No matching variant of love.forte.gradle.common:gradle-common-core:0.0.11 was found. The consumer was configured to find an API of a library compatible with Java 8, preferably not packaged as a jar, preferably optimized for standard JVMs, and its dependencies declared externally, as well as attribute 'org.gradle.plugin.api-version' with value '7.6', attribute 'org.jetbrains.kotlin.platform.type' with value 'jvm' but: - Variant 'apiElements' capability love.forte.gradle.common:gradle-common-core:0.0.11 declares an API of a library, packaged as a jar, preferably optimized for standard JVMs, and its dependencies declared externally, as well as attribute 'org.jetbrains.kotlin.platform.type' with value 'jvm': - Incompatible because this component declares a component compatible with Java 11 and the consumer needed a component compatible with Java 8 - Other compatible attribute: - Doesn't say anything about org.gradle.plugin.api-version (required '7.6') - Variant 'runtimeElements' capability love.forte.gradle.common:gradle-common-core:0.0.11 declares a runtime of a library, packaged as a jar, preferably optimized for standard JVMs, and its dependencies declared externally, as well as attribute 'org.jetbrains.kotlin.platform.type' with value 'jvm': - Incompatible because this component declares a component compatible with Java 11 and the consumer needed a component compatible with Java 8 - Other compatible attribute: - Doesn't say anything about org.gradle.plugin.api-version (required '7.6') at org.gradle.internal.component.model.AttributeConfigurationSelector.selectVariantsUsingAttributeMatching(AttributeConfigurationSelector.java:113) at org.gradle.internal.component.model.AttributeConfigurationSelector.selectVariantsUsingAttributeMatching(AttributeConfigurationSelector.java:51) at org.gradle.internal.component.model.LocalComponentDependencyMetadata.selectVariants(LocalComponentDependencyMetadata.java:149) at org.gradle.internal.component.local.model.DslOriginDependencyMetadataWrapper.selectVariants(DslOriginDependencyMetadataWrapper.java:71) at org.gradle.api.internal.artifacts.ivyservice.resolveengine.graph.builder.EdgeState.calculateTargetConfigurations(EdgeState.java:267) at org.gradle.api.internal.artifacts.ivyservice.resolveengine.graph.builder.EdgeState.attachToTargetConfigurations(EdgeState.java:152) at org.gradle.api.internal.artifacts.ivyservice.resolveengine.graph.builder.DependencyGraphBuilder.attachToTargetRevisionsSerially(DependencyGraphBuilder.java:371) at org.gradle.api.internal.artifacts.ivyservice.resolveengine.graph.builder.DependencyGraphBuilder.resolveEdges(DependencyGraphBuilder.java:254) at org.gradle.api.internal.artifacts.ivyservice.resolveengine.graph.builder.DependencyGraphBuilder.traverseGraph(DependencyGraphBuilder.java:191) at org.gradle.api.internal.artifacts.ivyservice.resolveengine.graph.builder.DependencyGraphBuilder.resolve(DependencyGraphBuilder.java:151) at org.gradle.api.internal.artifacts.ivyservice.resolveengine.DefaultArtifactDependencyResolver.resolve(DefaultArtifactDependencyResolver.java:140) at org.gradle.api.internal.artifacts.ivyservice.DefaultConfigurationResolver.resolveGraph(DefaultConfigurationResolver.java:195) at org.gradle.api.internal.artifacts.ivyservice.ShortCircuitEmptyConfigurationResolver.resolveGraph(ShortCircuitEmptyConfigurationResolver.java:85) at org.gradle.api.internal.artifacts.ivyservice.ErrorHandlingConfigurationResolver.resolveGraph(ErrorHandlingConfigurationResolver.java:76) at org.gradle.api.internal.artifacts.configurations.DefaultConfiguration1.call(DefaultConfiguration.java:656) at org.gradle.api.internal.artifacts.configurations.DefaultConfiguration1.call(DefaultConfiguration.java:647) at org.gradle.internal.operations.DefaultBuildOperationRunnerCallableBuildOperationWorker.execute(DefaultBuildOperationRunner.java:204) at org.gradle.internal.operations.DefaultBuildOperationRunnerCallableBuildOperationWorker.execute(DefaultBuildOperationRunner.java:199) at org.gradle.internal.operations.DefaultBuildOperationRunner2.execute(DefaultBuildOperationRunner.java:66) at org.gradle.internal.operations.DefaultBuildOperationRunner2.execute(DefaultBuildOperationRunner.java:59) at org.gradle.internal.operations.DefaultBuildOperationRunner.execute(DefaultBuildOperationRunner.java:157) at org.gradle.internal.operations.DefaultBuildOperationRunner.execute(DefaultBuildOperationRunner.java:59) at org.gradle.internal.operations.DefaultBuildOperationRunner.call(DefaultBuildOperationRunner.java:53) at org.gradle.internal.operations.DefaultBuildOperationExecutor.call(DefaultBuildOperationExecutor.java:73) at org.gradle.api.internal.artifacts.configurations.DefaultConfiguration.resolveGraphIfRequired(DefaultConfiguration.java:647) at org.gradle.api.internal.artifacts.configurations.DefaultConfiguration.lambdaresolveExclusively4(DefaultConfiguration.java:627) at org.gradle.api.internal.project.DefaultProjectStateRegistryCalculatedModelValueImpl.update(DefaultProjectStateRegistry.java:453) at org.gradle.api.internal.artifacts.configurations.DefaultConfiguration.resolveExclusively(DefaultConfiguration.java:624) at org.gradle.api.internal.artifacts.configurations.DefaultConfiguration.resolveToStateOrLater(DefaultConfiguration.java:611) at org.gradle.api.internal.artifacts.configurations.DefaultConfiguration.access1900(DefaultConfiguration.java:159) at org.gradle.api.internal.artifacts.configurations.DefaultConfigurationSelectedArtifactsProvider.getValue(DefaultConfiguration.java:1443) at org.gradle.api.internal.artifacts.configurations.DefaultConfigurationSelectedArtifactsProvider.getValue(DefaultConfiguration.java:1433) at org.gradle.api.internal.artifacts.configurations.DefaultConfigurationConfigurationFileCollection.getSelectedArtifacts(DefaultConfiguration.java:1510) at org.gradle.api.internal.artifacts.configurations.DefaultConfigurationConfigurationFileCollection.visitContents(DefaultConfiguration.java:1497) at org.gradle.api.internal.artifacts.configurations.DefaultConfiguration.visitContents(DefaultConfiguration.java:510) at org.gradle.api.internal.file.AbstractFileCollection.visitStructure(AbstractFileCollection.java:375) at org.gradle.api.internal.file.collections.DefaultConfigurableFileCollection.lambdacalculateFinalizedValue0(DefaultConfigurableFileCollection.java:244) at org.gradle.api.internal.file.collections.UnpackingVisitor.add(UnpackingVisitor.java:64) at org.gradle.api.internal.file.collections.DefaultConfigurableFileCollectionUnresolvedItemsCollector.visitContents(DefaultConfigurableFileCollection.java:411) at org.gradle.api.internal.file.collections.DefaultConfigurableFileCollection.calculateFinalizedValue(DefaultConfigurableFileCollection.java:244) at org.gradle.api.internal.file.collections.DefaultConfigurableFileCollection.visitChildren(DefaultConfigurableFileCollection.java:280) at org.gradle.api.internal.file.CompositeFileCollection.visitContents(CompositeFileCollection.java:119) at org.gradle.api.internal.file.AbstractFileCollection.visitStructure(AbstractFileCollection.java:375) at org.gradle.api.internal.file.CompositeFileCollection.lambdavisitContents0(CompositeFileCollection.java:119) at org.gradle.api.internal.file.collections.UnpackingVisitor.add(UnpackingVisitor.java:64) at org.gradle.api.internal.file.collections.UnpackingVisitor.add(UnpackingVisitor.java:89) at org.gradle.api.internal.file.DefaultFileCollectionFactoryResolvingFileCollection.visitChildren(DefaultFileCollectionFactory.java:333) at org.gradle.api.internal.file.CompositeFileCollection.visitContents(CompositeFileCollection.java:119) at org.gradle.api.internal.file.AbstractFileCollection.visitStructure(AbstractFileCollection.java:375) at org.gradle.api.internal.file.CompositeFileCollection.lambdavisitContents0(CompositeFileCollection.java:119) at org.gradle.api.internal.tasks.PropertyFileCollection.visitChildren(PropertyFileCollection.java:48) at org.gradle.api.internal.file.CompositeFileCollection.visitContents(CompositeFileCollection.java:119) at org.gradle.api.internal.file.AbstractFileCollection.visitStructure(AbstractFileCollection.java:375) at org.gradle.internal.fingerprint.impl.DefaultFileCollectionSnapshotter.snapshot(DefaultFileCollectionSnapshotter.java:51) at org.gradle.internal.execution.fingerprint.impl.DefaultInputFingerprinterInputCollectingVisitor.visitInputFileProperty(DefaultInputFingerprinter.java:131) at org.gradle.api.internal.tasks.execution.TaskExecution.visitRegularInputs(TaskExecution.java:322) at org.gradle.internal.execution.fingerprint.impl.DefaultInputFingerprinter.fingerprintInputProperties(DefaultInputFingerprinter.java:61) at org.gradle.internal.execution.steps.CaptureStateBeforeExecutionStep.captureExecutionStateWithOutputs(CaptureStateBeforeExecutionStep.java:193) at org.gradle.internal.execution.steps.CaptureStateBeforeExecutionStep.lambdacaptureExecutionState1(CaptureStateBeforeExecutionStep.java:141) at org.gradle.internal.execution.steps.BuildOperationStep1.call(BuildOperationStep.java:37) at org.gradle.internal.operations.DefaultBuildOperationRunnerCallableBuildOperationWorker.execute(DefaultBuildOperationRunner.java:204) at org.gradle.internal.operations.DefaultBuildOperationRunnerCallableBuildOperationWorker.execute(DefaultBuildOperationRunner.java:199) at org.gradle.internal.operations.DefaultBuildOperationRunner2.execute(DefaultBuildOperationRunner.java:66) at org.gradle.internal.operations.DefaultBuildOperationRunner2.execute(DefaultBuildOperationRunner.java:59) at org.gradle.internal.operations.DefaultBuildOperationRunner.execute(DefaultBuildOperationRunner.java:157) at org.gradle.internal.operations.DefaultBuildOperationRunner.execute(DefaultBuildOperationRunner.java:59) at org.gradle.internal.operations.DefaultBuildOperationRunner.call(DefaultBuildOperationRunner.java:53) at org.gradle.internal.operations.DefaultBuildOperationExecutor.call(DefaultBuildOperationExecutor.java:73) at org.gradle.internal.execution.steps.BuildOperationStep.operation(BuildOperationStep.java:34) at org.gradle.internal.execution.steps.CaptureStateBeforeExecutionStep.captureExecutionState(CaptureStateBeforeExecutionStep.java:130) at org.gradle.internal.execution.steps.CaptureStateBeforeExecutionStep.lambdaexecute0(CaptureStateBeforeExecutionStep.java:75) at org.gradle.internal.execution.steps.CaptureStateBeforeExecutionStep.execute(CaptureStateBeforeExecutionStep.java:75) at org.gradle.internal.execution.steps.CaptureStateBeforeExecutionStep.execute(CaptureStateBeforeExecutionStep.java:50) at org.gradle.internal.execution.steps.SkipEmptyWorkStep.executeWithNoEmptySources(SkipEmptyWorkStep.java:254) at org.gradle.internal.execution.steps.SkipEmptyWorkStep.execute(SkipEmptyWorkStep.java:91) at org.gradle.internal.execution.steps.SkipEmptyWorkStep.execute(SkipEmptyWorkStep.java:56) at org.gradle.internal.execution.steps.RemoveUntrackedExecutionStateStep.execute(RemoveUntrackedExecutionStateStep.java:32) at org.gradle.internal.execution.steps.RemoveUntrackedExecutionStateStep.execute(RemoveUntrackedExecutionStateStep.java:21) at org.gradle.internal.execution.steps.legacy.MarkSnapshottingInputsStartedStep.execute(MarkSnapshottingInputsStartedStep.java:38) at org.gradle.internal.execution.steps.LoadPreviousExecutionStateStep.execute(LoadPreviousExecutionStateStep.java:43) at org.gradle.internal.execution.steps.LoadPreviousExecutionStateStep.execute(LoadPreviousExecutionStateStep.java:31) at org.gradle.internal.execution.steps.AssignWorkspaceStep.lambdaexecute0(AssignWorkspaceStep.java:40) at org.gradle.api.internal.tasks.execution.TaskExecution4.withWorkspace(TaskExecution.java:281) at org.gradle.internal.execution.steps.AssignWorkspaceStep.execute(AssignWorkspaceStep.java:40) at org.gradle.internal.execution.steps.AssignWorkspaceStep.execute(AssignWorkspaceStep.java:30) at org.gradle.internal.execution.steps.IdentityCacheStep.execute(IdentityCacheStep.java:37) at org.gradle.internal.execution.steps.IdentityCacheStep.execute(IdentityCacheStep.java:27) at org.gradle.internal.execution.steps.IdentifyStep.execute(IdentifyStep.java:44) at org.gradle.internal.execution.steps.IdentifyStep.execute(IdentifyStep.java:33) at org.gradle.internal.execution.impl.DefaultExecutionEngine1.execute(DefaultExecutionEngine.java:76) at org.gradle.api.internal.tasks.execution.ExecuteActionsTaskExecuter.executeIfValid(ExecuteActionsTaskExecuter.java:139) at org.gradle.api.internal.tasks.execution.ExecuteActionsTaskExecuter.execute(ExecuteActionsTaskExecuter.java:128) at org.gradle.api.internal.tasks.execution.CleanupStaleOutputsExecuter.execute(CleanupStaleOutputsExecuter.java:77) at org.gradle.api.internal.tasks.execution.FinalizePropertiesTaskExecuter.execute(FinalizePropertiesTaskExecuter.java:46) at org.gradle.api.internal.tasks.execution.ResolveTaskExecutionModeExecuter.execute(ResolveTaskExecutionModeExecuter.java:51) at org.gradle.api.internal.tasks.execution.SkipTaskWithNoActionsExecuter.execute(SkipTaskWithNoActionsExecuter.java:57) at org.gradle.api.internal.tasks.execution.SkipOnlyIfTaskExecuter.execute(SkipOnlyIfTaskExecuter.java:57) at org.gradle.api.internal.tasks.execution.CatchExceptionTaskExecuter.execute(CatchExceptionTaskExecuter.java:36) at org.gradle.api.internal.tasks.execution.EventFiringTaskExecuter1.executeTask(EventFiringTaskExecuter.java:77) at org.gradle.api.internal.tasks.execution.EventFiringTaskExecuter1.call(EventFiringTaskExecuter.java:55) at org.gradle.api.internal.tasks.execution.EventFiringTaskExecuter1.call(EventFiringTaskExecuter.java:52) at org.gradle.internal.operations.DefaultBuildOperationRunnerCallableBuildOperationWorker.execute(DefaultBuildOperationRunner.java:204) at org.gradle.internal.operations.DefaultBuildOperationRunnerCallableBuildOperationWorker.execute(DefaultBuildOperationRunner.java:199) at org.gradle.internal.operations.DefaultBuildOperationRunner2.execute(DefaultBuildOperationRunner.java:66) at org.gradle.internal.operations.DefaultBuildOperationRunner2.execute(DefaultBuildOperationRunner.java:59) at org.gradle.internal.operations.DefaultBuildOperationRunner.execute(DefaultBuildOperationRunner.java:157) at org.gradle.internal.operations.DefaultBuildOperationRunner.execute(DefaultBuildOperationRunner.java:59) at org.gradle.internal.operations.DefaultBuildOperationRunner.call(DefaultBuildOperationRunner.java:53) at org.gradle.internal.operations.DefaultBuildOperationExecutor.call(DefaultBuildOperationExecutor.java:73) at org.gradle.api.internal.tasks.execution.EventFiringTaskExecuter.execute(EventFiringTaskExecuter.java:52) at org.gradle.execution.plan.LocalTaskNodeExecutor.execute(LocalTaskNodeExecutor.java:69) at org.gradle.execution.taskgraph.DefaultTaskExecutionGraphInvokeNodeExecutorsAction.execute(DefaultTaskExecutionGraph.java:322) at org.gradle.execution.taskgraph.DefaultTaskExecutionGraphInvokeNodeExecutorsAction.execute(DefaultTaskExecutionGraph.java:309) at org.gradle.execution.taskgraph.DefaultTaskExecutionGraphBuildOperationAwareExecutionAction.execute(DefaultTaskExecutionGraph.java:302) at org.gradle.execution.taskgraph.DefaultTaskExecutionGraphBuildOperationAwareExecutionAction.execute(DefaultTaskExecutionGraph.java:288) at org.gradle.execution.plan.DefaultPlanExecutorExecutorWorker.execute(DefaultPlanExecutor.java:462) at org.gradle.execution.plan.DefaultPlanExecutorExecutorWorker.run(DefaultPlanExecutor.java:379) at org.gradle.internal.concurrent.ExecutorPolicyCatchAndRecordFailures.onExecute(ExecutorPolicy.java:64) at org.gradle.internal.concurrent.ManagedExecutorImpl1.run(ManagedExecutorImpl.java:49) Cause 2: org.gradle.internal.resolve.ModuleVersionResolveException: Could not resolve love.forte.gradle.common:gradle-common-kotlin-multiplatform:0.0.11. Required by: project :buildSrc Caused by: org.gradle.internal.component.NoMatchingConfigurationSelectionException: No matching variant of love.forte.gradle.common:gradle-common-kotlin-multiplatform:0.0.11 was found. The consumer was configured to find an API of a library compatible with Java 8, preferably not packaged as a jar, preferably optimized for standard JVMs, and its dependencies declared externally, as well as attribute 'org.gradle.plugin.api-version' with value '7.6', attribute 'org.jetbrains.kotlin.platform.type' with value 'jvm' but: - Variant 'apiElements' capability love.forte.gradle.common:gradle-common-kotlin-multiplatform:0.0.11 declares an API of a library, packaged as a jar, preferably optimized for standard JVMs, and its dependencies declared externally, as well as attribute 'org.jetbrains.kotlin.platform.type' with value 'jvm': - Incompatible because this component declares a component compatible with Java 11 and the consumer needed a component compatible with Java 8 - Other compatible attribute: - Doesn't say anything about org.gradle.plugin.api-version (required '7.6') - Variant 'runtimeElements' capability love.forte.gradle.common:gradle-common-kotlin-multiplatform:0.0.11 declares a runtime of a library, packaged as a jar, preferably optimized for standard JVMs, and its dependencies declared externally, as well as attribute 'org.jetbrains.kotlin.platform.type' with value 'jvm': - Incompatible because this component declares a component compatible with Java 11 and the consumer needed a component compatible with Java 8 - Other compatible attribute: - Doesn't say anything about org.gradle.plugin.api-version (required '7.6') at org.gradle.internal.component.model.AttributeConfigurationSelector.selectVariantsUsingAttributeMatching(AttributeConfigurationSelector.java:113) at org.gradle.internal.component.model.AttributeConfigurationSelector.selectVariantsUsingAttributeMatching(AttributeConfigurationSelector.java:51) at org.gradle.internal.component.model.LocalComponentDependencyMetadata.selectVariants(LocalComponentDependencyMetadata.java:149) at org.gradle.internal.component.local.model.DslOriginDependencyMetadataWrapper.selectVariants(DslOriginDependencyMetadataWrapper.java:71) at org.gradle.api.internal.artifacts.ivyservice.resolveengine.graph.builder.EdgeState.calculateTargetConfigurations(EdgeState.java:267) at org.gradle.api.internal.artifacts.ivyservice.resolveengine.graph.builder.EdgeState.attachToTargetConfigurations(EdgeState.java:152) at org.gradle.api.internal.artifacts.ivyservice.resolveengine.graph.builder.DependencyGraphBuilder.attachToTargetRevisionsSerially(DependencyGraphBuilder.java:371) at org.gradle.api.internal.artifacts.ivyservice.resolveengine.graph.builder.DependencyGraphBuilder.resolveEdges(DependencyGraphBuilder.java:254) at org.gradle.api.internal.artifacts.ivyservice.resolveengine.graph.builder.DependencyGraphBuilder.traverseGraph(DependencyGraphBuilder.java:191) at org.gradle.api.internal.artifacts.ivyservice.resolveengine.graph.builder.DependencyGraphBuilder.resolve(DependencyGraphBuilder.java:151) at org.gradle.api.internal.artifacts.ivyservice.resolveengine.DefaultArtifactDependencyResolver.resolve(DefaultArtifactDependencyResolver.java:140) at org.gradle.api.internal.artifacts.ivyservice.DefaultConfigurationResolver.resolveGraph(DefaultConfigurationResolver.java:195) at org.gradle.api.internal.artifacts.ivyservice.ShortCircuitEmptyConfigurationResolver.resolveGraph(ShortCircuitEmptyConfigurationResolver.java:85) at org.gradle.api.internal.artifacts.ivyservice.ErrorHandlingConfigurationResolver.resolveGraph(ErrorHandlingConfigurationResolver.java:76) at org.gradle.api.internal.artifacts.configurations.DefaultConfiguration1.call(DefaultConfiguration.java:656) at org.gradle.api.internal.artifacts.configurations.DefaultConfiguration1.call(DefaultConfiguration.java:647) at org.gradle.internal.operations.DefaultBuildOperationRunnerCallableBuildOperationWorker.execute(DefaultBuildOperationRunner.java:204) at org.gradle.internal.operations.DefaultBuildOperationRunnerCallableBuildOperationWorker.execute(DefaultBuildOperationRunner.java:199) at org.gradle.internal.operations.DefaultBuildOperationRunner2.execute(DefaultBuildOperationRunner.java:66) at org.gradle.internal.operations.DefaultBuildOperationRunner2.execute(DefaultBuildOperationRunner.java:59) at org.gradle.internal.operations.DefaultBuildOperationRunner.execute(DefaultBuildOperationRunner.java:157) at org.gradle.internal.operations.DefaultBuildOperationRunner.execute(DefaultBuildOperationRunner.java:59) at org.gradle.internal.operations.DefaultBuildOperationRunner.call(DefaultBuildOperationRunner.java:53) at org.gradle.internal.operations.DefaultBuildOperationExecutor.call(DefaultBuildOperationExecutor.java:73) at org.gradle.api.internal.artifacts.configurations.DefaultConfiguration.resolveGraphIfRequired(DefaultConfiguration.java:647) at org.gradle.api.internal.artifacts.configurations.DefaultConfiguration.lambdaresolveExclusively4(DefaultConfiguration.java:627) at org.gradle.api.internal.project.DefaultProjectStateRegistryCalculatedModelValueImpl.update(DefaultProjectStateRegistry.java:453) at org.gradle.api.internal.artifacts.configurations.DefaultConfiguration.resolveExclusively(DefaultConfiguration.java:624) at org.gradle.api.internal.artifacts.configurations.DefaultConfiguration.resolveToStateOrLater(DefaultConfiguration.java:611) at org.gradle.api.internal.artifacts.configurations.DefaultConfiguration.access1900(DefaultConfiguration.java:159) at org.gradle.api.internal.artifacts.configurations.DefaultConfigurationSelectedArtifactsProvider.getValue(DefaultConfiguration.java:1443) at org.gradle.api.internal.artifacts.configurations.DefaultConfigurationSelectedArtifactsProvider.getValue(DefaultConfiguration.java:1433) at org.gradle.api.internal.artifacts.configurations.DefaultConfigurationConfigurationFileCollection.getSelectedArtifacts(DefaultConfiguration.java:1510) at org.gradle.api.internal.artifacts.configurations.DefaultConfigurationConfigurationFileCollection.visitContents(DefaultConfiguration.java:1497) at org.gradle.api.internal.artifacts.configurations.DefaultConfiguration.visitContents(DefaultConfiguration.java:510) at org.gradle.api.internal.file.AbstractFileCollection.visitStructure(AbstractFileCollection.java:375) at org.gradle.api.internal.file.collections.DefaultConfigurableFileCollection.lambdacalculateFinalizedValue0(DefaultConfigurableFileCollection.java:244) at org.gradle.api.internal.file.collections.UnpackingVisitor.add(UnpackingVisitor.java:64) at org.gradle.api.internal.file.collections.DefaultConfigurableFileCollectionUnresolvedItemsCollector.visitContents(DefaultConfigurableFileCollection.java:411) at org.gradle.api.internal.file.collections.DefaultConfigurableFileCollection.calculateFinalizedValue(DefaultConfigurableFileCollection.java:244) at org.gradle.api.internal.file.collections.DefaultConfigurableFileCollection.visitChildren(DefaultConfigurableFileCollection.java:280) at org.gradle.api.internal.file.CompositeFileCollection.visitContents(CompositeFileCollection.java:119) at org.gradle.api.internal.file.AbstractFileCollection.visitStructure(AbstractFileCollection.java:375) at org.gradle.api.internal.file.CompositeFileCollection.lambdavisitContents0(CompositeFileCollection.java:119) at org.gradle.api.internal.file.collections.UnpackingVisitor.add(UnpackingVisitor.java:64) at org.gradle.api.internal.file.collections.UnpackingVisitor.add(UnpackingVisitor.java:89) at org.gradle.api.internal.file.DefaultFileCollectionFactoryResolvingFileCollection.visitChildren(DefaultFileCollectionFactory.java:333) at org.gradle.api.internal.file.CompositeFileCollection.visitContents(CompositeFileCollection.java:119) at org.gradle.api.internal.file.AbstractFileCollection.visitStructure(AbstractFileCollection.java:375) at org.gradle.api.internal.file.CompositeFileCollection.lambdavisitContents0(CompositeFileCollection.java:119) at org.gradle.api.internal.tasks.PropertyFileCollection.visitChildren(PropertyFileCollection.java:48) at org.gradle.api.internal.file.CompositeFileCollection.visitContents(CompositeFileCollection.java:119) at org.gradle.api.internal.file.AbstractFileCollection.visitStructure(AbstractFileCollection.java:375) at org.gradle.internal.fingerprint.impl.DefaultFileCollectionSnapshotter.snapshot(DefaultFileCollectionSnapshotter.java:51) at org.gradle.internal.execution.fingerprint.impl.DefaultInputFingerprinterInputCollectingVisitor.visitInputFileProperty(DefaultInputFingerprinter.java:131) at org.gradle.api.internal.tasks.execution.TaskExecution.visitRegularInputs(TaskExecution.java:322) at org.gradle.internal.execution.fingerprint.impl.DefaultInputFingerprinter.fingerprintInputProperties(DefaultInputFingerprinter.java:61) at org.gradle.internal.execution.steps.CaptureStateBeforeExecutionStep.captureExecutionStateWithOutputs(CaptureStateBeforeExecutionStep.java:193) at org.gradle.internal.execution.steps.CaptureStateBeforeExecutionStep.lambdacaptureExecutionState1(CaptureStateBeforeExecutionStep.java:141) at org.gradle.internal.execution.steps.BuildOperationStep1.call(BuildOperationStep.java:37) at org.gradle.internal.operations.DefaultBuildOperationRunnerCallableBuildOperationWorker.execute(DefaultBuildOperationRunner.java:204) at org.gradle.internal.operations.DefaultBuildOperationRunnerCallableBuildOperationWorker.execute(DefaultBuildOperationRunner.java:199) at org.gradle.internal.operations.DefaultBuildOperationRunner2.execute(DefaultBuildOperationRunner.java:66) at org.gradle.internal.operations.DefaultBuildOperationRunner2.execute(DefaultBuildOperationRunner.java:59) at org.gradle.internal.operations.DefaultBuildOperationRunner.execute(DefaultBuildOperationRunner.java:157) at org.gradle.internal.operations.DefaultBuildOperationRunner.execute(DefaultBuildOperationRunner.java:59) at org.gradle.internal.operations.DefaultBuildOperationRunner.call(DefaultBuildOperationRunner.java:53) at org.gradle.internal.operations.DefaultBuildOperationExecutor.call(DefaultBuildOperationExecutor.java:73) at org.gradle.internal.execution.steps.BuildOperationStep.operation(BuildOperationStep.java:34) at org.gradle.internal.execution.steps.CaptureStateBeforeExecutionStep.captureExecutionState(CaptureStateBeforeExecutionStep.java:130) at org.gradle.internal.execution.steps.CaptureStateBeforeExecutionStep.lambdaexecute0(CaptureStateBeforeExecutionStep.java:75) at java.util.Optional.flatMap(Optional.java:241) at org.gradle.internal.execution.steps.CaptureStateBeforeExecutionStep.execute(CaptureStateBeforeExecutionStep.java:75) at org.gradle.internal.execution.steps.CaptureStateBeforeExecutionStep.execute(CaptureStateBeforeExecutionStep.java:50) at org.gradle.internal.execution.steps.SkipEmptyWorkStep.executeWithNoEmptySources(SkipEmptyWorkStep.java:254) at org.gradle.internal.execution.steps.SkipEmptyWorkStep.execute(SkipEmptyWorkStep.java:91) at org.gradle.internal.execution.steps.SkipEmptyWorkStep.execute(SkipEmptyWorkStep.java:56) at org.gradle.internal.execution.steps.RemoveUntrackedExecutionStateStep.execute(RemoveUntrackedExecutionStateStep.java:32) at org.gradle.internal.execution.steps.RemoveUntrackedExecutionStateStep.execute(RemoveUntrackedExecutionStateStep.java:21) at org.gradle.internal.execution.steps.legacy.MarkSnapshottingInputsStartedStep.execute(MarkSnapshottingInputsStartedStep.java:38) at org.gradle.internal.execution.steps.LoadPreviousExecutionStateStep.execute(LoadPreviousExecutionStateStep.java:43) at org.gradle.internal.execution.steps.LoadPreviousExecutionStateStep.execute(LoadPreviousExecutionStateStep.java:31) at org.gradle.internal.execution.steps.AssignWorkspaceStep.lambdaexecute0(AssignWorkspaceStep.java:40) at org.gradle.api.internal.tasks.execution.TaskExecution4.withWorkspace(TaskExecution.java:281) at org.gradle.internal.execution.steps.AssignWorkspaceStep.execute(AssignWorkspaceStep.java:40) at org.gradle.internal.execution.steps.AssignWorkspaceStep.execute(AssignWorkspaceStep.java:30) at org.gradle.internal.execution.steps.IdentityCacheStep.execute(IdentityCacheStep.java:37) at org.gradle.internal.execution.steps.IdentityCacheStep.execute(IdentityCacheStep.java:27) at org.gradle.internal.execution.steps.IdentifyStep.execute(IdentifyStep.java:44) at org.gradle.internal.execution.steps.IdentifyStep.execute(IdentifyStep.java:33) at org.gradle.internal.execution.impl.DefaultExecutionEngine1.execute(DefaultExecutionEngine.java:76) at org.gradle.api.internal.tasks.execution.ExecuteActionsTaskExecuter.executeIfValid(ExecuteActionsTaskExecuter.java:139) at org.gradle.api.internal.tasks.execution.ExecuteActionsTaskExecuter.execute(ExecuteActionsTaskExecuter.java:128) at org.gradle.api.internal.tasks.execution.CleanupStaleOutputsExecuter.execute(CleanupStaleOutputsExecuter.java:77) at org.gradle.api.internal.tasks.execution.FinalizePropertiesTaskExecuter.execute(FinalizePropertiesTaskExecuter.java:46) at org.gradle.api.internal.tasks.execution.ResolveTaskExecutionModeExecuter.execute(ResolveTaskExecutionModeExecuter.java:51) at org.gradle.api.internal.tasks.execution.SkipTaskWithNoActionsExecuter.execute(SkipTaskWithNoActionsExecuter.java:57) at org.gradle.api.internal.tasks.execution.SkipOnlyIfTaskExecuter.execute(SkipOnlyIfTaskExecuter.java:57) at org.gradle.api.internal.tasks.execution.CatchExceptionTaskExecuter.execute(CatchExceptionTaskExecuter.java:36) at org.gradle.api.internal.tasks.execution.EventFiringTaskExecuter1.executeTask(EventFiringTaskExecuter.java:77) at org.gradle.api.internal.tasks.execution.EventFiringTaskExecuter1.call(EventFiringTaskExecuter.java:55) at org.gradle.api.internal.tasks.execution.EventFiringTaskExecuter1.call(EventFiringTaskExecuter.java:52) at org.gradle.internal.operations.DefaultBuildOperationRunnerCallableBuildOperationWorker.execute(DefaultBuildOperationRunner.java:204) at org.gradle.internal.operations.DefaultBuildOperationRunnerCallableBuildOperationWorker.execute(DefaultBuildOperationRunner.java:199) at org.gradle.internal.operations.DefaultBuildOperationRunner2.execute(DefaultBuildOperationRunner.java:66) at org.gradle.internal.operations.DefaultBuildOperationRunner2.execute(DefaultBuildOperationRunner.java:59) at org.gradle.internal.operations.DefaultBuildOperationRunner.execute(DefaultBuildOperationRunner.java:157) at org.gradle.internal.operations.DefaultBuildOperationRunner.execute(DefaultBuildOperationRunner.java:59) at org.gradle.internal.operations.DefaultBuildOperationRunner.call(DefaultBuildOperationRunner.java:53) at org.gradle.internal.operations.DefaultBuildOperationExecutor.call(DefaultBuildOperationExecutor.java:73) at org.gradle.api.internal.tasks.execution.EventFiringTaskExecuter.execute(EventFiringTaskExecuter.java:52) at org.gradle.execution.plan.LocalTaskNodeExecutor.execute(LocalTaskNodeExecutor.java:69) at org.gradle.execution.taskgraph.DefaultTaskExecutionGraphInvokeNodeExecutorsAction.execute(DefaultTaskExecutionGraph.java:322) at org.gradle.execution.taskgraph.DefaultTaskExecutionGraphInvokeNodeExecutorsAction.execute(DefaultTaskExecutionGraph.java:309) at org.gradle.execution.taskgraph.DefaultTaskExecutionGraphBuildOperationAwareExecutionAction.execute(DefaultTaskExecutionGraph.java:302) at org.gradle.execution.taskgraph.DefaultTaskExecutionGraphBuildOperationAwareExecutionAction.execute(DefaultTaskExecutionGraph.java:288) at org.gradle.execution.plan.DefaultPlanExecutorExecutorWorker.execute(DefaultPlanExecutor.java:462) at org.gradle.execution.plan.DefaultPlanExecutorExecutorWorker.run(DefaultPlanExecutor.java:379) at org.gradle.internal.concurrent.ExecutorPolicyCatchAndRecordFailures.onExecute(ExecutorPolicy.java:64) at org.gradle.internal.concurrent.ManagedExecutorImpl1.run(ManagedExecutorImpl.java:49) at java.util.concurrent.ThreadPoolExecutor.runWorker(ThreadPoolExecutor.java:1149) at java.util.concurrent.ThreadPoolExecutorWorker.run(ThreadPoolExecutor.java:624) at java.lang.Thread.run(Thread.java:748) Cause 3: org.gradle.internal.resolve.ModuleVersionResolveException: Could not resolve love.forte.gradle.common:gradle-common-publication:0.0.11. Required by: project :buildSrc Caused by: org.gradle.internal.component.NoMatchingConfigurationSelectionException: No matching variant of love.forte.gradle.common:gradle-common-publication:0.0.11 was found. The consumer was configured to find an API of a library compatible with Java 8, preferably not packaged as a jar, preferably optimized for standard JVMs, and its dependencies declared externally, as well as attribute 'org.gradle.plugin.api-version' with value '7.6', attribute 'org.jetbrains.kotlin.platform.type' with value 'jvm' but: - Variant 'apiElements' capability love.forte.gradle.common:gradle-common-publication:0.0.11 declares an API of a library, packaged as a jar, preferably optimized for standard JVMs, and its dependencies declared externally, as well as attribute 'org.jetbrains.kotlin.platform.type' with value 'jvm': - Incompatible because this component declares a component compatible with Java 11 and the consumer needed a component compatible with Java 8 - Other compatible attribute: - Doesn't say anything about org.gradle.plugin.api-version (required '7.6') - Variant 'runtimeElements' capability love.forte.gradle.common:gradle-common-publication:0.0.11 declares a runtime of a library, packaged as a jar, preferably optimized for standard JVMs, and its dependencies declared externally, as well as attribute 'org.jetbrains.kotlin.platform.type' with value 'jvm': - Incompatible because this component declares a component compatible with Java 11 and the consumer needed a component compatible with Java 8 - Other compatible attribute: - Doesn't say anything about org.gradle.plugin.api-version (required '7.6') at org.gradle.internal.component.model.AttributeConfigurationSelector.selectVariantsUsingAttributeMatching(AttributeConfigurationSelector.java:113) at org.gradle.internal.component.model.AttributeConfigurationSelector.selectVariantsUsingAttributeMatching(AttributeConfigurationSelector.java:51) at org.gradle.internal.component.model.LocalComponentDependencyMetadata.selectVariants(LocalComponentDependencyMetadata.java:149) at org.gradle.internal.component.local.model.DslOriginDependencyMetadataWrapper.selectVariants(DslOriginDependencyMetadataWrapper.java:71) at org.gradle.api.internal.artifacts.ivyservice.resolveengine.graph.builder.EdgeState.calculateTargetConfigurations(EdgeState.java:267) at org.gradle.api.internal.artifacts.ivyservice.resolveengine.graph.builder.EdgeState.attachToTargetConfigurations(EdgeState.java:152) at org.gradle.api.internal.artifacts.ivyservice.resolveengine.graph.builder.DependencyGraphBuilder.attachToTargetRevisionsSerially(DependencyGraphBuilder.java:371) at org.gradle.api.internal.artifacts.ivyservice.resolveengine.graph.builder.DependencyGraphBuilder.resolveEdges(DependencyGraphBuilder.java:254) at org.gradle.api.internal.artifacts.ivyservice.resolveengine.graph.builder.DependencyGraphBuilder.traverseGraph(DependencyGraphBuilder.java:191) at org.gradle.api.internal.artifacts.ivyservice.resolveengine.graph.builder.DependencyGraphBuilder.resolve(DependencyGraphBuilder.java:151) at org.gradle.api.internal.artifacts.ivyservice.resolveengine.DefaultArtifactDependencyResolver.resolve(DefaultArtifactDependencyResolver.java:140) at org.gradle.api.internal.artifacts.ivyservice.DefaultConfigurationResolver.resolveGraph(DefaultConfigurationResolver.java:195) at org.gradle.api.internal.artifacts.ivyservice.ShortCircuitEmptyConfigurationResolver.resolveGraph(ShortCircuitEmptyConfigurationResolver.java:85) at org.gradle.api.internal.artifacts.ivyservice.ErrorHandlingConfigurationResolver.resolveGraph(ErrorHandlingConfigurationResolver.java:76) at org.gradle.api.internal.artifacts.configurations.DefaultConfiguration1.call(DefaultConfiguration.java:656) at org.gradle.api.internal.artifacts.configurations.DefaultConfiguration1.call(DefaultConfiguration.java:647) at org.gradle.internal.operations.DefaultBuildOperationRunnerCallableBuildOperationWorker.execute(DefaultBuildOperationRunner.java:204) at org.gradle.internal.operations.DefaultBuildOperationRunnerCallableBuildOperationWorker.execute(DefaultBuildOperationRunner.java:199) at org.gradle.internal.operations.DefaultBuildOperationRunner2.execute(DefaultBuildOperationRunner.java:66) at org.gradle.internal.operations.DefaultBuildOperationRunner2.execute(DefaultBuildOperationRunner.java:59) at org.gradle.internal.operations.DefaultBuildOperationRunner.execute(DefaultBuildOperationRunner.java:157) at org.gradle.internal.operations.DefaultBuildOperationRunner.execute(DefaultBuildOperationRunner.java:59) at org.gradle.internal.operations.DefaultBuildOperationRunner.call(DefaultBuildOperationRunner.java:53) at org.gradle.internal.operations.DefaultBuildOperationExecutor.call(DefaultBuildOperationExecutor.java:73) at org.gradle.api.internal.artifacts.configurations.DefaultConfiguration.resolveGraphIfRequired(DefaultConfiguration.java:647) at org.gradle.api.internal.artifacts.configurations.DefaultConfiguration.lambdaresolveExclusively4(DefaultConfiguration.java:627) at org.gradle.api.internal.project.DefaultProjectStateRegistryCalculatedModelValueImpl.update(DefaultProjectStateRegistry.java:453) at org.gradle.api.internal.artifacts.configurations.DefaultConfiguration.resolveExclusively(DefaultConfiguration.java:624) at org.gradle.api.internal.artifacts.configurations.DefaultConfiguration.resolveToStateOrLater(DefaultConfiguration.java:611) at org.gradle.api.internal.artifacts.configurations.DefaultConfiguration.access1900(DefaultConfiguration.java:159) at org.gradle.api.internal.artifacts.configurations.DefaultConfigurationSelectedArtifactsProvider.getValue(DefaultConfiguration.java:1443) at org.gradle.api.internal.artifacts.configurations.DefaultConfigurationSelectedArtifactsProvider.getValue(DefaultConfiguration.java:1433) at org.gradle.api.internal.artifacts.configurations.DefaultConfigurationConfigurationFileCollection.getSelectedArtifacts(DefaultConfiguration.java:1510) at org.gradle.api.internal.artifacts.configurations.DefaultConfigurationConfigurationFileCollection.visitContents(DefaultConfiguration.java:1497) at org.gradle.api.internal.artifacts.configurations.DefaultConfiguration.visitContents(DefaultConfiguration.java:510) at org.gradle.api.internal.file.AbstractFileCollection.visitStructure(AbstractFileCollection.java:375) at org.gradle.api.internal.file.collections.DefaultConfigurableFileCollection.lambdacalculateFinalizedValue0(DefaultConfigurableFileCollection.java:244) at org.gradle.api.internal.file.collections.UnpackingVisitor.add(UnpackingVisitor.java:64) at org.gradle.api.internal.file.collections.DefaultConfigurableFileCollectionUnresolvedItemsCollector.visitContents(DefaultConfigurableFileCollection.java:411) at org.gradle.api.internal.file.collections.DefaultConfigurableFileCollection.calculateFinalizedValue(DefaultConfigurableFileCollection.java:244) at org.gradle.api.internal.file.collections.DefaultConfigurableFileCollection.visitChildren(DefaultConfigurableFileCollection.java:280) at org.gradle.api.internal.file.CompositeFileCollection.visitContents(CompositeFileCollection.java:119) at org.gradle.api.internal.file.AbstractFileCollection.visitStructure(AbstractFileCollection.java:375) at org.gradle.api.internal.file.CompositeFileCollection.lambdavisitContents0(CompositeFileCollection.java:119) at org.gradle.api.internal.file.collections.UnpackingVisitor.add(UnpackingVisitor.java:64) at org.gradle.api.internal.file.collections.UnpackingVisitor.add(UnpackingVisitor.java:89) at org.gradle.api.internal.file.DefaultFileCollectionFactoryResolvingFileCollection.visitChildren(DefaultFileCollectionFactory.java:333) at org.gradle.api.internal.file.CompositeFileCollection.visitContents(CompositeFileCollection.java:119) at org.gradle.api.internal.file.AbstractFileCollection.visitStructure(AbstractFileCollection.java:375) at org.gradle.api.internal.file.CompositeFileCollection.lambdavisitContents0(CompositeFileCollection.java:119) at org.gradle.api.internal.tasks.PropertyFileCollection.visitChildren(PropertyFileCollection.java:48) at org.gradle.api.internal.file.CompositeFileCollection.visitContents(CompositeFileCollection.java:119) at org.gradle.api.internal.file.AbstractFileCollection.visitStructure(AbstractFileCollection.java:375) at org.gradle.internal.fingerprint.impl.DefaultFileCollectionSnapshotter.snapshot(DefaultFileCollectionSnapshotter.java:51) at org.gradle.internal.execution.fingerprint.impl.DefaultInputFingerprinterInputCollectingVisitor.visitInputFileProperty(DefaultInputFingerprinter.java:131) at org.gradle.api.internal.tasks.execution.TaskExecution.visitRegularInputs(TaskExecution.java:322) at org.gradle.internal.execution.fingerprint.impl.DefaultInputFingerprinter.fingerprintInputProperties(DefaultInputFingerprinter.java:61) at org.gradle.internal.execution.steps.CaptureStateBeforeExecutionStep.captureExecutionStateWithOutputs(CaptureStateBeforeExecutionStep.java:193) at org.gradle.internal.execution.steps.CaptureStateBeforeExecutionStep.lambdacaptureExecutionState1(CaptureStateBeforeExecutionStep.java:141) at org.gradle.internal.execution.steps.BuildOperationStep1.call(BuildOperationStep.java:37) at org.gradle.internal.operations.DefaultBuildOperationRunnerCallableBuildOperationWorker.execute(DefaultBuildOperationRunner.java:204) at org.gradle.internal.operations.DefaultBuildOperationRunnerCallableBuildOperationWorker.execute(DefaultBuildOperationRunner.java:199) at org.gradle.internal.operations.DefaultBuildOperationRunner2.execute(DefaultBuildOperationRunner.java:66) at org.gradle.internal.operations.DefaultBuildOperationRunner2.execute(DefaultBuildOperationRunner.java:59) at org.gradle.internal.operations.DefaultBuildOperationRunner.execute(DefaultBuildOperationRunner.java:157) at org.gradle.internal.operations.DefaultBuildOperationRunner.execute(DefaultBuildOperationRunner.java:59) at org.gradle.internal.operations.DefaultBuildOperationRunner.call(DefaultBuildOperationRunner.java:53) at org.gradle.internal.operations.DefaultBuildOperationExecutor.call(DefaultBuildOperationExecutor.java:73) at org.gradle.internal.execution.steps.BuildOperationStep.operation(BuildOperationStep.java:34) at org.gradle.internal.execution.steps.CaptureStateBeforeExecutionStep.captureExecutionState(CaptureStateBeforeExecutionStep.java:130) at org.gradle.internal.execution.steps.CaptureStateBeforeExecutionStep.lambdaexecute0(CaptureStateBeforeExecutionStep.java:75) at java.util.Optional.flatMap(Optional.java:241) at org.gradle.internal.execution.steps.CaptureStateBeforeExecutionStep.execute(CaptureStateBeforeExecutionStep.java:75) at org.gradle.internal.execution.steps.CaptureStateBeforeExecutionStep.execute(CaptureStateBeforeExecutionStep.java:50) at org.gradle.internal.execution.steps.SkipEmptyWorkStep.executeWithNoEmptySources(SkipEmptyWorkStep.java:254) at org.gradle.internal.execution.steps.SkipEmptyWorkStep.execute(SkipEmptyWorkStep.java:91) at org.gradle.internal.execution.steps.SkipEmptyWorkStep.execute(SkipEmptyWorkStep.java:56) at org.gradle.internal.execution.steps.RemoveUntrackedExecutionStateStep.execute(RemoveUntrackedExecutionStateStep.java:32) at org.gradle.internal.execution.steps.RemoveUntrackedExecutionStateStep.execute(RemoveUntrackedExecutionStateStep.java:21) at org.gradle.internal.execution.steps.legacy.MarkSnapshottingInputsStartedStep.execute(MarkSnapshottingInputsStartedStep.java:38) at org.gradle.internal.execution.steps.LoadPreviousExecutionStateStep.execute(LoadPreviousExecutionStateStep.java:43) at org.gradle.internal.execution.steps.LoadPreviousExecutionStateStep.execute(LoadPreviousExecutionStateStep.java:31) at org.gradle.internal.execution.steps.AssignWorkspaceStep.lambdaexecute0(AssignWorkspaceStep.java:40) at org.gradle.api.internal.tasks.execution.TaskExecution4.withWorkspace(TaskExecution.java:281) at org.gradle.internal.execution.steps.AssignWorkspaceStep.execute(AssignWorkspaceStep.java:40) at org.gradle.internal.execution.steps.AssignWorkspaceStep.execute(AssignWorkspaceStep.java:30) at org.gradle.internal.execution.steps.IdentityCacheStep.execute(IdentityCacheStep.java:37) at org.gradle.internal.execution.steps.IdentityCacheStep.execute(IdentityCacheStep.java:27) at org.gradle.internal.execution.steps.IdentifyStep.execute(IdentifyStep.java:44) at org.gradle.internal.execution.steps.IdentifyStep.execute(IdentifyStep.java:33) at org.gradle.internal.execution.impl.DefaultExecutionEngine1.execute(DefaultExecutionEngine.java:76) at org.gradle.api.internal.tasks.execution.ExecuteActionsTaskExecuter.executeIfValid(ExecuteActionsTaskExecuter.java:139) at org.gradle.api.internal.tasks.execution.ExecuteActionsTaskExecuter.execute(ExecuteActionsTaskExecuter.java:128) at org.gradle.api.internal.tasks.execution.CleanupStaleOutputsExecuter.execute(CleanupStaleOutputsExecuter.java:77) at org.gradle.api.internal.tasks.execution.FinalizePropertiesTaskExecuter.execute(FinalizePropertiesTaskExecuter.java:46) at org.gradle.api.internal.tasks.execution.ResolveTaskExecutionModeExecuter.execute(ResolveTaskExecutionModeExecuter.java:51) at org.gradle.api.internal.tasks.execution.SkipTaskWithNoActionsExecuter.execute(SkipTaskWithNoActionsExecuter.java:57) at org.gradle.api.internal.tasks.execution.SkipOnlyIfTaskExecuter.execute(SkipOnlyIfTaskExecuter.java:57) at org.gradle.api.internal.tasks.execution.CatchExceptionTaskExecuter.execute(CatchExceptionTaskExecuter.java:36) at org.gradle.api.internal.tasks.execution.EventFiringTaskExecuter1.executeTask(EventFiringTaskExecuter.java:77) at org.gradle.api.internal.tasks.execution.EventFiringTaskExecuter1.call(EventFiringTaskExecuter.java:55) at org.gradle.api.internal.tasks.execution.EventFiringTaskExecuter1.call(EventFiringTaskExecuter.java:52) at org.gradle.internal.operations.DefaultBuildOperationRunnerCallableBuildOperationWorker.execute(DefaultBuildOperationRunner.java:204) at org.gradle.internal.operations.DefaultBuildOperationRunnerCallableBuildOperationWorker.execute(DefaultBuildOperationRunner.java:199) at org.gradle.internal.operations.DefaultBuildOperationRunner2.execute(DefaultBuildOperationRunner.java:66) at org.gradle.internal.operations.DefaultBuildOperationRunner2.execute(DefaultBuildOperationRunner.java:59) at org.gradle.internal.operations.DefaultBuildOperationRunner.execute(DefaultBuildOperationRunner.java:157) at org.gradle.internal.operations.DefaultBuildOperationRunner.execute(DefaultBuildOperationRunner.java:59) at org.gradle.internal.operations.DefaultBuildOperationRunner.call(DefaultBuildOperationRunner.java:53) at org.gradle.internal.operations.DefaultBuildOperationExecutor.call(DefaultBuildOperationExecutor.java:73) at org.gradle.api.internal.tasks.execution.EventFiringTaskExecuter.execute(EventFiringTaskExecuter.java:52) at org.gradle.execution.plan.LocalTaskNodeExecutor.execute(LocalTaskNodeExecutor.java:69) at org.gradle.execution.taskgraph.DefaultTaskExecutionGraphInvokeNodeExecutorsAction.execute(DefaultTaskExecutionGraph.java:322) at org.gradle.execution.taskgraph.DefaultTaskExecutionGraphInvokeNodeExecutorsAction.execute(DefaultTaskExecutionGraph.java:309) at org.gradle.execution.taskgraph.DefaultTaskExecutionGraphBuildOperationAwareExecutionAction.execute(DefaultTaskExecutionGraph.java:302) at org.gradle.execution.taskgraph.DefaultTaskExecutionGraphBuildOperationAwareExecutionAction.execute(DefaultTaskExecutionGraph.java:288) at org.gradle.execution.plan.DefaultPlanExecutorExecutorWorker.execute(DefaultPlanExecutor.java:462) at org.gradle.execution.plan.DefaultPlanExecutorExecutorWorker.run(DefaultPlanExecutor.java:379) at org.gradle.internal.concurrent.ExecutorPolicyCatchAndRecordFailures.onExecute(ExecutorPolicy.java:64) at org.gradle.internal.concurrent.ManagedExecutorImpl1.run(ManagedExecutorImpl.java:49) at java.util.concurrent.ThreadPoolExecutor.runWorker(ThreadPoolExecutor.java:1149) at java.util.concurrent.ThreadPoolExecutorWorker.run(ThreadPoolExecutor.java:624) at java.lang.Thread.run(Thread.java:748)" />
      <item value="coroutines" />
      <item value="suspend" />
      <item value="Actor" />
      <item value="Quantum Renderer" />
      <item value="Long Polling Runnable" />
      <item value="provider" />
      <item value="Definition of groupId is redundant, because it's inherited from the parent " />
      <item value="get Extend Val" />
      <item value="Stack Overflow Error" />
      <item value="ailed to convert java.lang.String to java.lang.Integer" />
      <item value="异步" />
      <item value="yi'bu" />
      <item value="&quot;Dispose of the current instance of bean name &quot; + &quot;provided and force a refresh on next method execution." />
      <item value="User wants to refresh the bean with this name but that isn't the one in the" />
      <item value="get Application Event Multicaster" />
      <item value="multicast Event" />
      <item value="Payload Application Event" />
      <item value="Decorate event as an ApplicationEvent if necessary" />
      <item value="connection Done" />
      <item value="Constructor" />
      <item value="Global Executor" />
      <item value="must make sure that there is a value here to perform the correct operation that follows" />
      <item value="stereotype" />
      <item value="Processor" />
      <item value="If you choose to use the new RAFT protocol directly, there will be no compatible logical execution" />
      <item value="naming persistent service" />
      <item value="publish Value Change Event" />
    </histories>
    <option name="languageScores">
      <map>
        <entry key="CHINESE" value="1039" />
        <entry key="ENGLISH" value="1040" />
        <entry key="ALBANIAN" value="1" />
        <entry key="ARABIC" value="1" />
        <entry key="AZERBAIJANI" value="1" />
        <entry key="ESTONIAN" value="4" />
        <entry key="ICELANDIC" value="1" />
        <entry key="AFRIKAANS" value="1" />
        <entry key="DANISH" value="1" />
        <entry key="GERMAN" value="3" />
        <entry key="FRENCH" value="3" />
        <entry key="FINNISH" value="1" />
        <entry key="HAITIAN_CREOLE" value="1" />
        <entry key="DUTCH" value="3" />
        <entry key="CROATIAN" value="2" />
        <entry key="LATIN" value="3" />
        <entry key="LATVIAN" value="1" />
        <entry key="LITHUANIAN" value="1" />
        <entry key="ROMANIAN" value="3" />
        <entry key="HMONG" value="1" />
        <entry key="PORTUGUESE" value="3" />
        <entry key="ESPERANTO" value="1" />
        <entry key="SPANISH" value="3" />
        <entry key="SHONA" value="1" />
        <entry key="HINDI" value="2" />
        <entry key="YORUBA" value="1" />
      </map>
    </option>
  </component>
  <component name="Cache">
    <option name="lastTrimTime" value="1674955150499" />
  </component>
  <component name="Settings">
    <option name="phoneticFontFamily" value="Microsoft YaHei UI" />
    <option name="primaryFontFamily" value="Microsoft YaHei UI" />
    <option name="translateDocumentation" value="true" />
  </component>
  <component name="Translation.Cache">
    <option name="lastTrimTime" value="1681097383715" />
  </component>
  <component name="Translation.Settings">
    <option name="primaryLanguage" value="CHINESE" />
    <option name="translator" value="DEEPL" />
  </component>
  <component name="Translation.States">
    <option name="newTranslationDialogWidth" value="598" />
    <option name="newTranslationDialogX" value="813" />
    <option name="newTranslationDialogY" value="447" />
    <option name="pinTranslationDialog" value="true" />
    <histories>
      <item value="Application inactivity period, after which automatic builds may be triggered, if necessary, for all currently opened projects. Set to negative value to disable the feature." />
      <item value="Hlkj Mshdp Starter" />
      <item value="purchase" />
      <item value="Expected one result (or null) to be returned by selectOne(), but found: 10" />
      <item value="get Construction Analysis" />
      <item value="box Analysis" />
      <item value="percent" />
      <item value="Subquery returns more than 1 row" />
      <item value="renaming Count" />
      <item value="assert" />
      <item value="asset" />
      <item value="asset Info Service" />
      <item value="Change Box Analyze Service Impl" />
      <item value="get Construction" />
      <item value="Dncc Base User Info Dao" />
      <item value="actual" />
      <item value="expected" />
      <item value="单号" />
      <item value="批次" />
      <item value="Correct the classpath of your application so that it contains a single, compatible version of org.springframework.core.type.AnnotationMetadata" />
      <item value="actuate" />
      <item value="Endpoint ID 'nacos-config' contains invalid characters, please migrate to a valid format." />
      <item value="The system cannot find the file specified." />
      <item value="substr" />
      <item value="The syntax of the command is incorrect." />
      <item value="is not recognized as an internal or external command," />
      <item value="else' is not recognized as an internal or external command" />
      <item value="editable" />
      <item value="&lt;description&gt;The maintainer of the image. Ignored if dockerDirectory is set.&lt;description&gt;" />
      <item value="Exposing daemon on TCP without TLS helps legacy clients connect to the daemon. It also makes yourself vulnerable to remote code execution attacks. Use with caution." />
      <item value="set Sex" />
      <item value="If you have database settings to be loaded from a particular profile you may need to activate it (no profiles are currently active)." />
      <item value="pref" />
      <item value="add session to service" />
      <item value="Broad cast send message error - &gt;" />
      <item value="Broad cast call message error - &gt;" />
      <item value="&quot; Broad cast message error - &gt;&quot;" />
      <item value="broad cast text error - &gt;" />
      <item value="broad Cast" />
      <item value="broad" />
      <item value="aera" />
      <item value="Major" />
      <item value="Critical" />
      <item value="chroe" />
      <item value="Try-catch blocks should not be nested" />
      <item value="Compliant" />
      <item value="deprecation" />
      <item value="set Stale Connection Check Enabled" />
      <item value="noinspection SqlResolveForFile" />
      <item value="set Value" />
    </histories>
    <option name="languageScores">
      <map>
        <entry key="CHINESE" value="220" />
        <entry key="DANISH" value="1" />
        <entry key="DUTCH" value="5" />
        <entry key="ENGLISH" value="221" />
        <entry key="ESTONIAN" value="1" />
        <entry key="FINNISH" value="2" />
        <entry key="FRENCH" value="5" />
        <entry key="GERMAN" value="5" />
        <entry key="ITALIAN" value="2" />
        <entry key="POLISH" value="2" />
        <entry key="ROMANIAN" value="1" />
        <entry key="SLOVENIAN" value="1" />
        <entry key="SPANISH" value="7" />
        <entry key="SWEDISH" value="1" />
      </map>
    </option>
  </component>
</application>